505,www.yourlosingweightnow.info,page 1.txt, 1,1.1643980
613,gosportblog.info,page 2.txt, 2,1.0909410
429,gosportblog.info,page 3.txt, 3,1.0093906
472,www.zedge.net,page 4.txt, 4,0.9659598
115,www.mombu.com,page 5.txt, 5,0.9032902
721,www.ehow.com,page 6.txt, 6,0.8965492
280,m.stylebistro.com,page 7.txt, 7,0.8866975
404,www.zedge.net,page 8.txt, 8,0.8469086
430,minifaceliftreviews.net,page 9.txt, 9,0.8258147
389,minifaceliftreviews.net,page 10.txt, 10,0.8228228
422,www.zedge.net,page 11.txt, 11,0.8186966
400,www.zedge.net,page 12.txt, 12,0.8186966
768,www.livestrong.com,page 13.txt, 13,0.7991120
422,www.zedge.net,page 14.txt, 14,0.7893473
1427,www.dealtime.com,page 15.txt, 15,0.7855311
421,www.zedge.net,page 16.txt, 16,0.7735895
383,ab-belt.org,page 17.txt, 17,0.7729769
247,www.pistonheads.com,page 18.txt, 18,0.7464566
1406,www.dealtime.com,page 19.txt, 19,0.7355674
1987,www.shopwiki.com,page 20.txt, 20,0.7353836
453,www.livestrong.com,page 21.txt, 21,0.7350671
240,www.pistonheads.com,page 22.txt, 22,0.7325327
254,www.pistonheads.com,page 23.txt, 23,0.7303389
378,www.larousse.com,page 24.txt, 24,0.7279233
446,www.zedge.net,page 25.txt, 25,0.7277376
428,www.zedge.net,page 26.txt, 26,0.7277376
370,www.mini-dresses.net,page 27.txt, 27,0.7233071
678,www.livestrong.com,page 28.txt, 28,0.7224840
298,www.pistonheads.com,page 29.txt, 29,0.7215502
343,www.yasni.co.uk,page 30.txt, 30,0.7206368
1410,www.dealtime.com,page 31.txt, 31,0.7183346
406,www.zedge.net,page 32.txt, 32,0.7127261
16,www2.mrtzc-download-server1.asia,page 33.txt, 33,0.7102036
15,www2.mrtzc-download-server1.asia,page 34.txt, 34,0.7102036
16,www2.mrtzc-download-server1.asia,page 35.txt, 35,0.7102036
267,www.pistonheads.com,page 36.txt, 36,0.6988935
129,autopartsite.net,page 37.txt, 37,0.6958488
426,www.zedge.net,page 38.txt, 38,0.6914622
640,www.livestrong.com,page 39.txt, 39,0.6830974
267,www.pistonheads.com,page 40.txt, 40,0.6815401
635,www.livestrong.com,page 41.txt, 41,0.6807532
555,www.thisnext.com,page 42.txt, 42,0.6775935
313,www.pistonheads.com,page 43.txt, 43,0.6748461
258,www.sthelensstar.co.uk,page 44.txt, 44,0.6737471
251,www.pistonheads.com,page 45.txt, 45,0.6725963
278,www.desktopcar.net,page 46.txt, 46,0.6685801
8,www.hairstylesall.com,page 47.txt, 47,0.6685554
537,www.exercisetv.tv,page 48.txt, 48,0.6680473
2135,www.shopwiki.com,page 49.txt, 49,0.6658357
271,www.salvage-cars-for-sale.info,page 50.txt, 50,0.6653795
438,www.zedge.net,page 51.txt, 51,0.6644024
313,www.pistonheads.com,page 52.txt, 52,0.6640000
257,www.pistonheads.co.uk,page 53.txt, 53,0.6637009
400,www.celebuzz.com,page 54.txt, 54,0.6623959
400,www.celebuzz.com,page 55.txt, 55,0.6623959
400,www.celebuzz.com,page 56.txt, 56,0.6623959
400,www.celebuzz.com,page 57.txt, 57,0.6623959
404,www.celebuzz.com,page 58.txt, 58,0.6623959
867,www.livestrong.com,page 59.txt, 59,0.6606996
230,www.pistonheads.com,page 60.txt, 60,0.6583838
278,www.pistonheads.com,page 61.txt, 61,0.6583838
120,hubpages.com,page 62.txt, 62,0.6575958
387,www.drumza.com,page 63.txt, 63,0.6571885
105,www.easier.com,page 64.txt, 64,0.6553335
261,www.pistonheads.com,page 65.txt, 65,0.6552430
260,www.pistonheads.com,page 66.txt, 66,0.6545934
731,photo.net,page 67.txt, 67,0.6531396
807,www.shopwiki.com,page 68.txt, 68,0.6499397
300,www.pistonheads.com,page 69.txt, 69,0.6499397
327,www.mautofied.com,page 70.txt, 70,0.6487167
2792,www.pistonheads.com,page 71.txt, 71,0.6485042
2792,www.pistonheads.com,page 72.txt, 72,0.6485042
262,www.pistonheads.com,page 73.txt, 73,0.6476800
646,photo.net,page 74.txt, 74,0.6470613
721,www.merriam-webster.com,page 75.txt, 75,0.6467702
721,www.merriam-webster.com,page 76.txt, 76,0.6467702
721,www.merriam-webster.com,page 77.txt, 77,0.6467702
721,www.merriam-webster.com,page 78.txt, 78,0.6467702
721,www.merriam-webster.com,page 79.txt, 79,0.6467702
721,www.merriam-webster.com,page 80.txt, 80,0.6467702
721,www.merriam-webster.com,page 81.txt, 81,0.6467702
721,www.merriam-webster.com,page 82.txt, 82,0.6467702
721,www.merriam-webster.com,page 83.txt, 83,0.6467702
721,www.merriam-webster.com,page 84.txt, 84,0.6467702
135,www.minitruckinweb.com,page 85.txt, 85,0.6465846
242,www.pistonheads.com,page 86.txt, 86,0.6463159
261,www.pistonheads.com,page 87.txt, 87,0.6452941
257,www.pistonheads.com,page 88.txt, 88,0.6452941
2511,www.shopwiki.com,page 89.txt, 89,0.6447485
298,www.pistonheads.com,page 90.txt, 90,0.6447024
267,www.pistonheads.com,page 91.txt, 91,0.6447024
246,www.sz-wholesale.com,page 92.txt, 92,0.6444922
566,www.digparty.com,page 93.txt, 93,0.6426781
277,www.sz-wholesale.com,page 94.txt, 94,0.6391978
444,www.macmillandictionary.com,page 95.txt, 95,0.6365069
464,www.zedge.net,page 96.txt, 96,0.6365069
609,www.livestrong.com,page 97.txt, 97,0.6365069
301,www.pistonheads.com,page 98.txt, 98,0.6349800
272,www.pistonheads.com,page 99.txt, 99,0.6325863
249,www.pistonheads.com,page100.txt,100,0.6325863
