508,fatloss4idiots.caloriecalculator.biz,page 1.txt, 1,2.327272
101,whois.pho.to,page 2.txt, 2,2.216594
645,fatloss4idiots.caloriecalculator.biz,page 3.txt, 3,1.986875
702,fatloss4idiots.caloriecalculator.biz,page 4.txt, 4,1.976866
761,fatloss4idiots.caloriecalculator.biz,page 5.txt, 5,1.973204
3839,articles.directorym.com,page 6.txt, 6,1.966053
525,fatloss4idiots.caloriecalculator.biz,page 7.txt, 7,1.932395
670,fatloss4idiots.caloriecalculator.biz,page 8.txt, 8,1.897595
609,fatloss4idiots.caloriecalculator.biz,page 9.txt, 9,1.852010
471,www.livestrong.com,page 10.txt, 10,1.824422
275,www.livestrong.com,page 11.txt, 11,1.662105
809,fatloss4idiots.caloriecalculator.biz,page 12.txt, 12,1.644279
801,fatloss4idiots.caloriecalculator.biz,page 13.txt, 13,1.621737
701,ezinemark.com,page 14.txt, 14,1.619464
1543,www.at-fat.com,page 15.txt, 15,1.611888
383,tummyfatlosssecrets.com,page 16.txt, 16,1.598621
471,www.at-fat.com,page 17.txt, 17,1.592617
817,fatloss4idiots.caloriecalculator.biz,page 18.txt, 18,1.587325
685,issuu.com,page 19.txt, 19,1.566326
699,issuu.com,page 20.txt, 20,1.532741
854,fatloss4idiots.caloriecalculator.biz,page 21.txt, 21,1.505892
677,health.ezinemark.com,page 22.txt, 22,1.439720
1033,weightlossdietsblog.org,page 23.txt, 23,1.433823
682,www.bodybuildingforyou.com,page 24.txt, 24,1.431432
290,www.livestrong.com,page 25.txt, 25,1.404441
49,diet-pills-and-weight-loss.com,page 26.txt, 26,1.399021
742,fat-smash-diet.net,page 27.txt, 27,1.390964
850,www.loselovehandleshowto.com,page 28.txt, 28,1.390586
414,www.livestrong.com,page 29.txt, 29,1.376123
473,www.livestrong.com,page 30.txt, 30,1.376123
1066,www.myfatlossonline.com,page 31.txt, 31,1.375949
507,www.tradekd.com,page 32.txt, 32,1.371644
435,www.losebellyfatwiz.com,page 33.txt, 33,1.369160
284,www.how-to-lose-fat-fast.com,page 34.txt, 34,1.365597
409,lossweighteasytips.com,page 35.txt, 35,1.359554
577,www.livestrong.com,page 36.txt, 36,1.355375
947,www.wimaple.com,page 37.txt, 37,1.352474
389,dietweightlossnutrition.net,page 38.txt, 38,1.351809
322,www.austinmeyer.com,page 39.txt, 39,1.342427
500,fat-smash-diet.net,page 40.txt, 40,1.330035
87,get-fit-momma.livejournal.com,page 41.txt, 41,1.329244
244,howtoloselovehandlesfast.com,page 42.txt, 42,1.322473
777,fat-smash-diet.net,page 43.txt, 43,1.321914
712,www.dreambodyinfo.com,page 44.txt, 44,1.321053
203,loseweightnow.roadofrecoverydebtconsolidationandsettlement.com,page 45.txt, 45,1.306559
167,www.topendsports.com,page 46.txt, 46,1.302005
606,www.livestrong.com,page 47.txt, 47,1.291127
241,howtoloselovehandlesfast.com,page 48.txt, 48,1.289861
543,www.livestrong.com,page 49.txt, 49,1.282421
2951,absdietreview.com,page 50.txt, 50,1.281542
682,www.fat-at-fat.com,page 51.txt, 51,1.277023
219,www.squidoo.com,page 52.txt, 52,1.276974
517,fat-smash-diet.net,page 53.txt, 53,1.275593
810,fatlosschronicles.wordpress.com,page 54.txt, 54,1.270342
793,www.livestrong.com,page 55.txt, 55,1.263612
379,fatburner.healthadvicevault.com,page 56.txt, 56,1.262110
640,health.ezinemark.com,page 57.txt, 57,1.253470
1516,www.theweightlosstipssite.com,page 58.txt, 58,1.251306
116,noolmusic.com,page 59.txt, 59,1.249808
1445,www.theweightlosstipssite.com,page 60.txt, 60,1.247625
460,www.youtube.com,page 61.txt, 61,1.243690
403,en.mimi.hu,page 62.txt, 62,1.243222
753,rumano.livejournal.com,page 63.txt, 63,1.242415
561,issuu.com,page 64.txt, 64,1.235688
318,www.4shared.com,page 66.txt, 66,1.230640
1386,weightlossdietsblog.org,page 67.txt, 67,1.226138
1344,fatloss4idiots.caloriecalculator.biz,page 68.txt, 68,1.225609
1155,weightlossdietsblog.org,page 69.txt, 69,1.223940
704,www.ec21.com,page 70.txt, 70,1.223123
648,lowfatcooking.about.com,page 71.txt, 71,1.218728
609,www.thisnext.com,page 72.txt, 72,1.213074
609,www.thisnext.com,page 73.txt, 73,1.213074
49,www.shapefit.com,page 74.txt, 74,1.211588
1028,www.wimaple.com,page 75.txt, 75,1.209245
594,www.livestrong.com,page 76.txt, 76,1.208851
352,fat.benefitsofmagnesium.biz,page 77.txt, 77,1.207456
1074,video.ezinemark.com,page 78.txt, 78,1.202275
750,www.getridofabdominalfat.org,page 79.txt, 79,1.201947
318,www.4shared.com,page 80.txt, 80,1.200965
416,www.weightlosstrends.net,page 81.txt, 81,1.199955
416,www.weightlosstrends.net,page 82.txt, 82,1.199955
1121,www.stophairlossnow.com,page 83.txt, 83,1.199019
165,lssolutions.feedagg.com,page 85.txt, 85,1.197049
690,fat-smash-diet.net,page 86.txt, 86,1.194976
328,www.youtube.com,page 87.txt, 87,1.194711
214,www.squidoo.com,page 88.txt, 88,1.192692
613,www.livestrong.com,page 89.txt, 89,1.186598
574,www.bestinweightloss.com,page 90.txt, 90,1.186576
573,www.yourlosingweightnow.info,page 91.txt, 91,1.184745
127,www.blurtit.com,page 92.txt, 92,1.182831
183,singapore.locanto.sg,page 93.txt, 93,1.182675
457,slimquick.in,page 94.txt, 94,1.181404
907,www.livestrong.com,page 95.txt, 95,1.180535
1404,weightlossdietsblog.org,page 96.txt, 96,1.180212
138,www.vibesconnect.com,page 97.txt, 97,1.167869
168,www.digitions.com,page 98.txt, 98,1.165695
368,www.howtobellyfat.com,page 99.txt, 99,1.164150
893,www.livestrong.com,page100.txt,100,1.163839
