235,www.analystjobs.com,page 1.txt, 1,1.809670
114,www.book2down.com,page 2.txt, 2,1.645111
155,www.analystjobs.com,page 3.txt, 3,1.548995
0,www.jobisjob.co.in,page 4.txt, 4,1.541486
291,www.jobisjob.co.in,page 5.txt, 5,1.395394
1078,jobs.sociableblog.com,page 6.txt, 6,1.346340
207,www.salarydom.com,page 7.txt, 7,1.343700
346,www.glassdoor.com,page 8.txt, 8,1.337309
99,www.book2down.com,page 9.txt, 9,1.329466
293,www.jobisjob.co.in,page 10.txt, 10,1.327743
149,iimjobs.com,page 11.txt, 11,1.318606
1169,nationaljobs.washingtonpost.com,page 12.txt, 12,1.302886
134,iimjobs.com,page 13.txt, 13,1.298946
444,www.glassdoor.com,page 14.txt, 14,1.290838
2081,www.washingtonpost.com,page 15.txt, 15,1.282190
691,www.njobs.co.uk,page 16.txt, 16,1.256678
580,www.wowjobs.ca,page 17.txt, 17,1.246785
284,www.payscale.com,page 18.txt, 18,1.238846
382,en.bab.la,page 19.txt, 19,1.235028
1065,nationaljobs.washingtonpost.com,page 20.txt, 20,1.223012
380,www.glassdoor.com,page 21.txt, 21,1.222034
916,sportscasts.jobamatic.com,page 22.txt, 22,1.221474
830,www.analystjobs.com,page 23.txt, 23,1.212592
869,sportscasts.jobamatic.com,page 24.txt, 24,1.208237
385,www.glassdoor.com,page 25.txt, 25,1.206980
844,sportscasts.jobamatic.com,page 26.txt, 26,1.205803
288,www.glassdoor.com,page 27.txt, 27,1.198767
332,www.glassdoor.com,page 28.txt, 28,1.196666
707,www.analystjobs.com,page 29.txt, 29,1.196252
230,www.findhow.com,page 30.txt, 30,1.186121
656,matchred.jobamatic.com,page 31.txt, 31,1.183167
368,www.glassdoor.com,page 32.txt, 32,1.180972
355,www.jobster.com,page 33.txt, 33,1.179949
352,www.jobster.com,page 34.txt, 34,1.177477
860,sportscasts.jobamatic.com,page 35.txt, 35,1.177439
0,www.jobisjob.co.in,page 36.txt, 36,1.175218
957,sportscasts.jobamatic.com,page 37.txt, 37,1.171357
889,jobs.sociableblog.com,page 38.txt, 38,1.171302
2449,helpwantedomaha.jobamatic.com,page 39.txt, 39,1.170461
461,www.jobster.com,page 40.txt, 40,1.170159
991,nationaljobs.washingtonpost.com,page 41.txt, 41,1.168412
988,nationaljobs.washingtonpost.com,page 42.txt, 42,1.165423
373,jobster.com,page 43.txt, 43,1.161162
407,www.jobster.com,page 44.txt, 44,1.159767
480,www.analystjobs.com,page 45.txt, 45,1.158955
396,www.wowjobs.ca,page 46.txt, 46,1.157800
62,www.analystjobs.com,page 47.txt, 47,1.147930
824,jobs.salary.com,page 48.txt, 48,1.147525
353,www.glassdoor.com,page 49.txt, 49,1.142681
276,iimjobs.com,page 50.txt, 50,1.136072
1206,nationaljobs.washingtonpost.com,page 51.txt, 51,1.134197
454,onlinemediaanalyst.com,page 52.txt, 52,1.134069
501,www.glassdoor.com,page 53.txt, 53,1.133336
1141,www.washingtonpost.com,page 54.txt, 54,1.132836
460,www.glassdoor.com,page 55.txt, 55,1.125841
1000,nationaljobs.washingtonpost.com,page 56.txt, 56,1.123785
726,www.analystjobs.com,page 57.txt, 57,1.123082
2186,helpwantedomaha.jobamatic.com,page 58.txt, 58,1.121151
780,www.jobisjob.co.in,page 59.txt, 59,1.120178
422,www.jobster.com,page 60.txt, 60,1.119207
327,www.glassdoor.com,page 61.txt, 61,1.113033
774,www.jobisjob.co.in,page 62.txt, 62,1.111343
356,www.glassdoor.com,page 63.txt, 63,1.111312
333,www.glassdoor.com,page 64.txt, 64,1.111312
853,www.ehow.com,page 65.txt, 65,1.110910
62,www.analystjobs.com,page 66.txt, 66,1.106112
769,sportscasts.jobamatic.com,page 67.txt, 67,1.105493
396,www.jobster.com,page 68.txt, 68,1.105138
1423,cleantechjobs.cleantechies.com,page 69.txt, 69,1.099100
783,www.jobisjob.co.in,page 70.txt, 70,1.098921
810,www.tech-centric.net,page 71.txt, 71,1.095246
1030,nationaljobs.washingtonpost.com,page 72.txt, 72,1.093783
793,sportscasts.jobamatic.com,page 73.txt, 73,1.092841
397,www.jobster.com,page 74.txt, 74,1.092386
227,iimjobs.com,page 75.txt, 75,1.091810
200,www1.salary.com,page 76.txt, 76,1.088765
370,www.jobster.com,page 77.txt, 77,1.088000
1168,www.glassdoor.com,page 78.txt, 78,1.087504
706,www.analystjobs.com,page 79.txt, 79,1.086342
405,www.beyond.com,page 80.txt, 80,1.085238
703,sportscasts.jobamatic.com,page 81.txt, 81,1.083881
774,www.interviewlist.com,page 82.txt, 82,1.082982
613,www.analystjobs.com,page 83.txt, 83,1.079696
127,iimjobs.com,page 84.txt, 84,1.078658
145,iimjobs.com,page 85.txt, 85,1.077983
403,www.jobster.com,page 86.txt, 86,1.077945
271,www.glassdoor.com,page 87.txt, 87,1.076775
1426,www.glassdoor.com,page 88.txt, 88,1.076161
1135,nationaljobs.washingtonpost.com,page 89.txt, 89,1.075321
763,www.analystjobs.com,page 90.txt, 90,1.074148
358,www.jobster.com,page 91.txt, 91,1.071221
77,www.greatsampleresume.com,page 92.txt, 92,1.070806
2345,helpwantedomaha.jobamatic.com,page 93.txt, 93,1.070741
1206,jobs.politicalwire.com,page 94.txt, 94,1.070661
1094,nationaljobs.washingtonpost.com,page 95.txt, 95,1.070353
571,www.glassdoor.com,page 96.txt, 96,1.069544
268,newyork.olx.com,page 97.txt, 97,1.069503
881,www.jobisjob.co.in,page 98.txt, 98,1.066947
998,sportscasts.jobamatic.com,page 99.txt, 99,1.065454
1208,nationaljobs.washingtonpost.com,page100.txt,100,1.065309
